Item Type,Types Of Items,Item Count,Disabled Item Count,Active Item Count,Max Checked Out,Max Checked Out Date,Utilization
Tools,19,172,35,137,19,2022-04-16 01:14:00,13.9
Hand Tools,80,1106,299,807,138,2022-04-12 19:45:00,17.1
Shovels & Digging,10,39,3,36,13,2022-04-03 17:49:00,36.1
Spade Shovel,1,9,2,7,3,2018-03-21 15:09:00,42.9
Square Shovel,1,13,1,12,4,2020-07-11 10:27:00,33.3
Round Point Shovel,1,7,0,7,5,2019-06-01 10:38:00,71.4
Planters Shovel,1,2,0,2,1,2021-08-07 11:43:00,50.0
Snow Shovel,1,7,0,7,5,2019-02-16 10:17:00,71.4
Rakes,11,25,4,21,7,2018-05-05 11:37:00,33.3
Metal Garden Rake,1,7,0,7,2,2017-05-31 20:58:00,28.6
Hand Rake,1,1,0,1,1,2018-03-14 20:24:00,100.0
Leaf Rake,1,2,0,2,2,2021-04-03 11:46:00,100.0
Pruners,5,34,6,28,13,2022-04-16 09:20:00,46.4
Loppers,1,9,2,7,5,2022-04-10 18:29:00,71.4
Hand Pruner,1,20,3,17,8,2022-04-16 09:20:00,47.1
Telescopic Pruner,1,2,1,1,2,2021-07-17 11:01:00,200.0
Fruit Pickers,1,3,0,3,3,2017-09-02 10:24:00,100.0
Axes,6,15,6,9,10,2022-04-09 11:40:00,111.1
Hatchet,1,4,3,1,3,2021-06-12 09:56:00,300.0
Wedge,1,1,0,1,2,2022-02-09 20:47:00,200.0
Hand Axe,1,5,2,3,2,2022-03-15 19:36:00,66.7
Maul,1,1,0,1,2,2022-03-15 19:36:00,200.0
Saws,13,161,47,114,20,2022-04-02 11:23:00,17.5
Hand Miter Saws,1,12,2,10,5,2020-10-03 11:54:00,50.0
Bow Saws,1,4,0,4,2,2017-11-22 16:01:00,50.0
Hack Saws,1,25,10,15,6,2021-05-01 12:04:00,40.0
Coping Saw,1,10,1,9,2,2017-10-21 10:56:00,22.2
Back Saws,1,15,3,12,3,2018-01-07 16:53:00,25.0
Crosscut Saws,1,1,1,0,0,,
Drywall Saws,1,2,0,2,1,2018-06-20 20:45:00,50.0
Hole Saws,1,4,0,4,3,2018-08-19 17:49:00,75.0
Hole Saw Kits,1,2,0,2,2,2021-09-12 18:52:00,100.0
Key Hole Saws,1,35,12,23,4,2019-07-01 19:26:00,17.4
Wrenches,12,260,61,199,15,2021-08-31 18:51:00,7.5
Torque Wrench,1,4,0,4,3,2022-04-09 12:07:00,75.0
Pipe Wrenches,1,34,6,28,6,2017-02-01 19:01:00,21.4
Basin Wrench,1,9,1,8,2,2018-07-10 17:00:00,25.0
Belt Strap Wrench,1,11,6,5,2,2021-06-08 20:49:00,40.0
Chain Wrench,1,3,0,3,2,2017-05-10 19:07:00,66.7
Adjustable Wrench,1,46,9,37,7,2019-04-23 19:35:00,18.9
Lock Nut Wrench,1,5,0,5,1,2017-10-22 17:14:00,20.0
Open End Wrench,1,66,25,41,4,2022-04-02 10:28:00,9.8
Spanner Wrenches,1,1,0,1,0,,0.0
Wrench Sets,10,378,157,221,33,2022-04-10 16:21:00,14.9
Socket Sets,1,216,124,92,24,2022-04-10 16:21:00,26.1
Allen Wrench Sets,1,33,11,22,7,2019-10-20 16:34:00,31.8
Spark Plug Wrench Set,1,4,0,4,1,2020-01-11 12:01:00,25.0
Box Wrench Sets,1,19,6,13,2,2021-04-13 20:49:00,15.4
Ratcheting Wrench Sets,1,3,0,3,1,2018-09-04 18:16:00,33.3
Open End Wrench Sets,1,1,0,1,0,,0.0
Combination Wrench Sets,1,100,16,84,8,2021-09-01 20:09:00,9.5
Measuring & Layout Tools,15,206,50,156,43,2022-04-16 01:14:00,27.6
Levels,1,50,12,38,16,2022-02-05 09:51:00,42.1
Tape Measures,1,39,12,27,3,2017-12-16 12:14:00,11.1
Calipers,1,6,1,5,2,2018-09-12 19:56:00,40.0
Chalklines,1,10,1,9,1,2018-01-27 11:08:00,11.1
Squares,1,34,5,29,7,2018-01-07 18:03:00,24.1
Yardsticks,1,5,0,5,2,2021-08-31 20:43:00,40.0
Rulers,1,13,1,12,3,2019-06-02 19:03:00,25.0
Stud finder,1,20,6,14,18,2022-04-11 14:23:00,128.6
Plumb Bob,1,1,0,1,0,,0.0
T-Bevels,1,2,1,1,1,2019-09-04 19:31:00,100.0
Contour Gauges,1,6,5,1,0,,0.0
Compasses (drawing),1,4,1,3,1,2017-07-23 17:41:00,33.3
Marking,1,3,0,3,0,,0.0
Scrapers,5,83,5,78,12,2017-07-29 09:46:00,15.4
Paint Scraper,1,18,1,17,3,2019-09-16 18:37:00,17.6
Sidewalk Ice Scraper,1,1,0,1,1,2020-08-29 11:53:00,100.0
Planes,1,25,8,17,6,2019-06-02 19:03:00,35.3
Chisels & Gouges,4,105,24,81,15,2020-10-03 12:02:00,18.5
Cement Chisel,1,5,0,5,2,2017-07-29 09:46:00,40.0
Cold Chisel,1,5,2,3,1,2016-07-02 11:41:00,33.3
Wood Chisel,1,21,2,19,3,2021-06-05 11:39:00,15.8
Drills,1,10,2,8,2,2019-10-12 11:04:00,25.0
"Bits, Drivers and Accessories",2,81,23,58,23,2022-04-10 18:17:00,39.7
Drill Bits,1,46,9,37,21,2022-04-10 18:17:00,56.8
Screwdrivers,6,448,57,391,16,2018-09-01 11:55:00,4.1
Flat Screwdrivers,1,216,31,185,7,2019-03-02 09:48:00,3.8
Phillips Screwdrivers,1,156,19,137,8,2019-10-08 19:27:00,5.8
Torx Screwdrivers,1,15,0,15,7,2021-11-30 18:26:00,46.7
Screwdriver Sets,1,24,2,22,4,2021-09-29 19:37:00,18.2
Robertson Screwdrivers,1,7,0,7,2,2018-08-14 16:38:00,28.6
Clamps & Brackets,13,253,73,180,48,2018-08-05 17:32:00,26.7
C-Clamps,1,86,24,62,11,2017-04-19 20:49:00,17.7
Bar Clamps,1,50,14,36,24,2021-05-15 11:50:00,66.7
Corner Clamp,1,14,5,9,11,2018-01-27 12:14:00,122.2
Quick Grip Clamp,1,51,9,42,21,2021-08-04 20:51:00,50.0
Wood Clamp,1,1,1,0,0,,
Drill Press Clamps,1,1,0,1,1,2017-06-18 16:55:00,100.0
Hand Clamps,1,20,16,4,6,2017-04-15 10:18:00,150.0
Vises,1,10,0,10,2,2017-06-03 11:00:00,20.0
Pipe Clamps,1,6,1,5,0,,0.0
Web Clamps,1,5,0,5,1,2018-07-22 17:51:00,20.0
Saw Blades,4,8,2,6,3,2019-10-07 18:45:00,50.0
Table Saw Blades,1,1,0,1,1,2019-07-20 10:58:00,100.0
Dado Saw Blades,1,4,0,4,1,2018-06-06 20:55:00,25.0
Hammers & Mallets,11,129,64,65,17,2022-03-06 17:58:00,26.2
Rubber Mallets,1,15,4,11,6,2021-04-03 11:34:00,54.5
Sledgehammers,1,7,0,7,4,2018-07-08 15:24:00,57.1
Ball Peen Hammers,1,5,1,4,2,2017-10-29 17:31:00,50.0
Claw Hammers,1,90,57,33,11,2022-02-26 10:58:00,33.3
Tack Hammers,1,3,0,3,1,2019-08-27 19:29:00,33.3
Ladders,10,15,4,11,5,2017-07-19 19:57:00,45.5
Step Ladders,1,4,2,2,3,2018-05-02 18:51:00,150.0
Multi Ladder,1,2,0,2,2,2022-03-27 17:55:00,100.0
Knives,5,91,26,65,6,2019-07-27 10:02:00,9.2
Linoleum Knives,1,10,1,9,1,2017-02-22 19:47:00,11.1
Putty Knife,1,17,6,11,4,2017-11-19 18:04:00,36.4
Utility Knives,1,47,11,36,5,2019-07-01 19:26:00,13.9
"Pliers, Cutters, and Snips",9,197,52,145,25,2022-03-27 16:59:00,17.2
Slip Joint Pliers,1,39,1,38,5,2019-10-26 11:18:00,13.2
Wire Cutters,1,32,5,27,9,2021-11-06 11:27:00,33.3
Needle Nose Pliers,1,41,16,25,6,2018-08-01 19:43:00,24.0
Lineman Plier,1,3,0,3,2,2018-05-19 09:57:00,66.7
Locking Pliers,1,4,0,4,1,2017-06-17 10:19:00,25.0
Bolt Cutters,1,6,3,3,4,2020-10-24 09:36:00,133.3
Buckets,1,25,7,18,6,2022-01-22 10:16:00,33.3
Extension Poles,1,5,0,5,4,2021-06-26 10:53:00,80.0
Brushes and Rollers,11,195,27,168,42,2022-04-12 19:08:00,25.0
Sharp Bristle Brushes,1,22,2,20,4,2022-04-12 19:08:00,20.0
Counter Brush,1,4,0,4,1,2017-05-24 19:10:00,25.0
Smoothing Brush,1,1,0,1,0,,0.0
Paint Guide,1,9,2,7,3,2017-06-14 20:23:00,42.9
Paint Roller Frame,1,45,5,40,8,2019-07-27 10:24:00,20.0
Roller Tool,1,3,0,3,3,2022-01-15 10:51:00,100.0
Sanders,1,24,7,17,5,2021-04-03 10:13:00,29.4
Crimpers,1,10,2,8,2,2019-06-22 10:08:00,25.0
Pry Bars & Crowbars,7,45,9,36,13,2022-04-16 01:13:00,36.1
Crowbars,1,14,4,10,5,2017-08-19 12:15:00,50.0
Nail Puller,1,10,0,10,3,2020-02-15 12:27:00,30.0
Pry Bar,1,21,5,16,7,2022-04-16 01:13:00,43.8
Hand Tool Sets,1,6,1,5,1,2019-08-14 19:45:00,20.0
Trimmers,2,8,6,2,2,2018-05-05 10:12:00,100.0
Manual Hedge Trimmers,1,6,4,2,0,,0.0
Misc,1,44,37,7,1,2016-05-22 17:25:00,14.3
Edgers,3,9,0,9,5,2021-04-10 11:32:00,55.6
Manual Lawn Edger,1,7,0,7,5,2021-04-10 11:32:00,71.4
Manual Lawn Edger,1,7,0,7,5,2021-04-10 11:32:00,71.4
Tool Stands & Work Tables,5,28,5,23,11,2020-11-07 09:37:00,47.8
Saw Horses,1,19,5,14,9,2020-11-07 09:37:00,64.3
Table Rollers,1,3,0,3,2,2019-02-16 11:55:00,66.7
Tool Bench Work Mate,1,2,0,2,1,2017-03-25 09:59:00,50.0
Vise Grips,1,10,2,8,3,2022-02-22 20:04:00,37.5
Locks and Security,1,1,0,1,1,2019-03-24 18:49:00,100.0
Tap and Die,1,14,2,12,3,2017-11-26 16:51:00,25.0
Planters,1,4,0,4,2,2022-04-12 20:27:00,50.0
Pitchfork,1,7,4,3,2,2017-08-30 16:03:00,66.7
Hand Truck,1,3,0,3,4,2022-04-06 19:18:00,133.3
Drill Press (hand),1,1,0,1,1,2016-10-12 20:08:00,100.0
Staple Guns,3,30,12,18,8,2021-08-17 19:42:00,44.4
Manual Staple Guns,1,5,0,5,4,2021-06-12 09:59:00,80.0
Tin Snips,1,12,1,11,4,2019-05-12 18:45:00,36.4
Tube Cutters,1,8,0,8,2,2019-05-11 10:40:00,25.0
Pipe Cutters,1,10,1,9,2,2020-08-08 10:48:00,22.2
Lawn Mower,1,6,2,4,4,2021-05-15 11:50:00,100.0
Shears,3,3,1,2,2,2019-05-11 10:40:00,100.0
Metal Shears,1,1,0,1,1,2017-12-16 12:14:00,100.0
Trowels & Floats,9,82,21,61,12,2022-03-13 18:19:00,19.7
Notched Trowel,1,32,10,22,7,2022-03-13 18:19:00,31.8
Trowel,1,15,5,10,3,2021-06-19 11:05:00,30.0
Brick Trowel,1,9,1,8,3,2017-10-14 09:29:00,37.5
Corner Trowel,1,7,1,6,1,2016-07-10 18:22:00,16.7
Tuck Point Trowel,1,1,0,1,0,,0.0
Float,1,11,0,11,3,2019-12-03 18:39:00,27.3
Caulk Guns,1,36,13,23,9,2022-04-16 01:12:00,39.1
Conduit Benders,1,4,1,3,1,2016-11-13 17:55:00,33.3
Machete,2,3,1,2,2,2022-02-09 20:47:00,100.0
Rivet Tools,1,8,0,8,1,2018-03-07 16:56:00,12.5
Squeegees,1,9,2,7,4,2022-04-12 19:08:00,57.1
Dollies,1,23,5,18,13,2022-03-05 11:21:00,72.2
Mixers & Dispensers,2,1,0,1,1,2020-01-05 18:39:00,100.0
Watering Tools,1,2,0,2,0,,0.0
Cultivators,1,4,1,3,2,2019-03-20 20:42:00,66.7
Testers (hand held),1,2,0,2,1,2022-02-19 12:10:00,50.0
Augers & Drain Openers,3,12,2,10,6,2021-10-26 19:29:00,60.0
Manual Drain Auger,1,5,0,5,3,2022-04-13 19:07:00,60.0
Toilet Auger,1,1,0,1,1,2020-01-05 16:15:00,100.0
"Files, Awls & Punches",7,101,22,79,16,2022-04-02 11:23:00,20.3
Files,1,68,18,50,16,2022-04-02 11:23:00,32.0
Punches,1,17,0,17,4,2022-03-08 19:07:00,23.5
Awl,1,3,1,2,1,2017-05-24 20:56:00,50.0
Rasps,1,12,3,9,1,2017-01-04 19:10:00,11.1
Center Punches,1,1,0,1,1,2019-03-09 12:07:00,100.0
Hoists & Trolleys,2,3,2,1,0,,0.0
Chain Hoist,1,3,2,1,0,,0.0
"Scythes, Sickles & Machetes",4,8,2,6,3,2022-02-22 18:04:00,50.0
Hand Sickle,1,1,1,0,0,,
Scythe,1,4,0,4,2,2018-05-26 10:19:00,50.0
Machete,2,3,1,2,2,2022-02-09 20:47:00,100.0
Sharpeners,2,14,2,12,7,2022-02-13 19:13:00,58.3
Finishing Stones,1,8,0,8,6,2019-12-22 16:23:00,75.0
Drywall Tools,5,40,10,30,7,2017-10-04 21:08:00,23.3
Joint Knives,1,5,0,5,2,2020-10-10 11:29:00,40.0
Bucket Scoops,3,17,5,12,3,2019-03-25 18:50:00,25.0
Taping Knives,1,12,0,12,3,2019-03-25 18:50:00,25.0
Electrical Tools,3,59,6,53,7,2020-01-19 18:40:00,13.2
Fish Tapes,1,2,0,2,1,2017-08-13 16:54:00,50.0
Wire Strippers,1,30,1,29,4,2019-06-26 19:17:00,13.8
Plumbing Tools,1,23,10,13,3,2021-05-15 09:44:00,23.1
Nail Sets,1,3,0,3,0,,0.0
Jigs,3,9,2,7,2,2022-03-30 17:07:00,28.6
Pocket Hole Jigs,1,4,0,4,2,2022-03-30 17:07:00,50.0
Dovetail Jigs,1,1,0,1,0,,0.0
Gear Pullers,1,6,0,6,2,2022-01-19 20:10:00,33.3
Hand Air Pumps,1,1,0,1,0,,0.0
Plug Cutters,1,3,0,3,1,2017-01-18 20:20:00,33.3
Paint Can Openers,1,2,0,2,1,2018-03-14 16:15:00,50.0
Cleaning Brushes,4,4,3,1,1,2016-09-14 20:15:00,100.0
Wire Brushes,1,1,0,1,1,2016-09-14 20:15:00,100.0
Woodworking Kits,1,1,0,1,0,,0.0
Pickaxes & Mattocks,5,11,2,9,5,2019-06-01 11:31:00,55.6
Pickaxes,1,7,1,6,3,2017-07-12 18:05:00,50.0
Pick Mattocks,1,3,0,3,4,2022-04-10 16:49:00,133.3
Power Tools,8,31,8,23,13,2022-04-10 17:41:00,56.5
Corded & Plug-in,39,222,72,150,75,2022-04-12 18:29:00,50.0
Power Drills,4,62,24,38,27,2022-03-27 17:54:00,71.1
Power Drill 1/2in,1,2,0,2,2,2022-03-08 20:54:00,100.0
Power Drill 3/8in,1,14,3,11,11,2022-01-30 17:16:00,100.0
Hammer Drills,1,3,2,1,2,2017-06-17 09:26:00,200.0
Power Saws,11,114,34,80,23,2021-06-19 10:14:00,28.8
Circular Saws,2,36,14,22,10,2018-08-18 10:51:00,45.5
Scroller Power Saws,1,5,1,4,1,2016-07-31 17:26:00,25.0
Corded Miter Saws,3,13,5,8,6,2018-07-25 20:53:00,75.0
Jig Saws,1,41,11,30,12,2018-07-21 11:44:00,40.0
Table Saws,1,10,3,7,3,2020-01-18 11:34:00,42.9
Wet Tile Saws,1,6,0,6,4,2018-05-19 10:20:00,66.7
Band Saws,1,2,0,2,1,2016-10-23 18:18:00,50.0
Corded Trimmers,4,8,3,5,4,2019-09-21 10:49:00,80.0
Electric Hedge Trimmers,1,4,1,3,3,2019-09-11 19:01:00,100.0
Electric Lawn Edger,1,3,2,1,1,2016-09-17 09:36:00,100.0
Extension Cords,1,59,10,49,28,2022-04-09 20:02:00,57.1
Electric Chippers,1,1,0,1,2,2022-03-15 18:02:00,200.0
Buffers,1,5,1,4,2,2020-10-31 09:13:00,50.0
Testers,4,20,3,17,4,2020-08-01 10:17:00,23.5
Circuit Testers,1,9,3,6,3,2020-08-01 10:17:00,50.0
Voltage Tester,1,9,0,9,2,2019-12-03 18:28:00,22.2
Sanders & Planers,11,76,31,45,21,2019-08-19 18:51:00,46.7
Random Orbit Sander,1,6,3,3,4,2022-04-12 12:07:00,133.3
Finishing Power Sanders,1,14,4,10,5,2017-08-12 11:20:00,50.0
Belt Sanders,1,15,4,11,6,2017-10-11 17:10:00,54.5
Power Planer,1,6,4,2,2,2017-05-14 16:19:00,100.0
Power Sanders,1,32,16,16,11,2018-11-17 11:27:00,68.8
Reciprocating Saw,1,11,5,6,5,2022-04-10 18:59:00,83.3
Soldering & Heat Guns,4,70,20,50,9,2019-06-25 20:03:00,18.0
Soldering Iron,1,40,10,30,6,2019-06-25 20:03:00,20.0
Heat Gun,1,10,3,7,4,2017-04-19 18:33:00,57.1
Hot Glue Gun,1,18,7,11,3,2017-12-02 11:25:00,27.3
Paint Sprayer,1,9,6,3,3,2019-07-15 18:38:00,100.0
Electric Dehydrators,1,4,1,3,4,2022-04-12 18:29:00,133.3
Routers,1,13,8,5,5,2019-10-12 09:32:00,100.0
Rotary Tools,3,25,12,13,10,2021-01-09 12:05:00,76.9
Dremel Multi Pro,1,16,9,7,7,2022-04-10 16:21:00,100.0
Roto Zip,1,4,1,3,1,2018-01-07 16:58:00,33.3
Drill Press (power),1,7,3,4,2,2017-06-24 11:08:00,50.0
Pressure Washers,2,8,3,5,4,2019-09-04 19:58:00,80.0
Pressure Washer Attachments,1,1,0,1,0,,0.0
Electric Air Pumps,1,2,0,2,0,,0.0
Chargers,3,31,13,18,7,2021-09-04 09:28:00,38.9
12v Battery Chargers,1,1,0,1,0,,0.0
Rechargeable Battery Charger,1,15,5,10,4,2021-08-17 19:04:00,40.0
Electric Leaf Blower,1,3,0,3,3,2021-07-13 19:08:00,100.0
Engraver,1,6,2,4,2,2017-07-22 11:22:00,50.0
Electric Pumps,3,3,0,3,1,2019-11-16 09:38:00,33.3
Submersible Pump,1,2,0,2,1,2019-11-16 09:38:00,50.0
Electric Mixers & Dispensers,3,7,1,6,2,2020-03-07 13:30:00,33.3
Electric Concrete Stirrers,1,3,1,2,1,2017-10-14 11:02:00,50.0
Paint Mixers & Stirrers,1,4,0,4,2,2022-01-22 10:16:00,50.0
Electric Augers & Drain Openers,1,1,0,1,1,2020-10-17 09:26:00,100.0
Vacuum Cleaners,4,30,6,24,11,2021-11-16 20:27:00,45.8
Wet-Dry Vac,1,21,4,17,10,2022-04-12 19:08:00,58.8
Handheld Vacuums,1,1,1,0,1,2017-04-29 12:18:00,inf
Upright Vacuums,2,1,1,0,1,2019-11-16 11:02:00,inf
Router Accessories,5,1,0,1,0,,0.0
Router Bits,9,2,0,2,0,,0.0
Molding Router Bits,1,1,0,1,0,,0.0
Corded Grinders,1,1,0,1,1,2019-05-19 18:07:00,100.0
Electric Nailers,1,1,0,1,2,2022-03-30 17:07:00,200.0
Steam Cleaners,5,6,2,4,4,2021-10-13 18:18:00,100.0
Carpet Steam Cleaners,1,4,0,4,4,2021-10-13 18:18:00,100.0
Cordless Power Tools,15,108,54,54,37,2022-04-10 18:17:00,68.5
Cordless Drills,1,52,34,18,23,2022-04-10 18:17:00,127.8
Flashlights,1,14,2,12,3,2020-10-03 09:36:00,25.0
Cordless Trimmers,1,10,5,5,6,2019-06-24 19:24:00,120.0
Cordless Saws,2,8,0,8,5,2021-08-28 11:35:00,62.5
Cordless Circular Saw,1,4,0,4,2,2021-03-20 09:54:00,50.0
Cordless Screwdrivers,1,3,0,3,1,2018-07-18 19:44:00,33.3
Cordless Vacuums,1,2,1,1,2,2022-02-08 21:01:00,200.0
Cordless Impact Drivers,1,5,1,4,2,2017-12-13 20:59:00,50.0
Cordless Tool Batteries,4,48,17,31,9,2021-10-09 11:29:00,29.0
12V Cordless Tool Batteries,1,9,2,7,2,2018-09-18 16:42:00,28.6
18V Cordless Tool Batteries,1,19,6,13,5,2018-08-11 11:34:00,38.5
20V Cordless Tool Batteries,1,11,1,10,6,2021-10-09 11:29:00,60.0
Cordless Hedge Trimmers,1,1,0,1,1,2021-05-15 11:51:00,100.0
Grinders,4,16,8,8,7,2022-03-19 11:46:00,87.5
Bench Grinders,1,4,2,2,1,2020-03-09 19:18:00,50.0
Angle Grinders,1,10,4,6,7,2022-03-19 11:46:00,116.7
Lathes,1,4,1,3,1,2016-05-11 19:01:00,33.3
Power Sharpeners,2,1,0,1,1,2017-05-20 11:13:00,100.0
Joiners,4,2,0,2,2,2018-09-16 17:39:00,100.0
Biscuit Joiners,1,2,0,2,2,2018-09-16 17:39:00,100.0
Power Tool Accessories,1,3,0,3,2,2021-08-24 20:10:00,66.7
Air & Pneumatic Tools,16,44,15,29,10,2021-06-12 11:36:00,34.5
Compressors,1,8,1,7,5,2021-06-05 11:36:00,71.4
Air Tool Sets,1,1,0,1,1,2020-07-25 12:06:00,100.0
Jacks,3,14,5,9,4,2022-03-27 16:35:00,44.4
House Jack,1,7,1,6,4,2022-03-27 16:35:00,66.7
Air Brad Nailers,1,3,1,2,1,2020-03-01 16:23:00,50.0
Air Finish Nailers,1,3,1,2,2,2017-02-25 09:49:00,100.0
Air Staplers,1,3,3,0,1,2017-09-13 18:36:00,inf
Air Wrenches,1,1,1,0,0,,
Air Sanders,1,1,0,1,0,,0.0
Bike Tools,9,79,11,68,10,2018-09-16 18:11:00,14.7
Bottom Bracket Tools,1,4,0,4,3,2019-09-15 17:09:00,75.0
Drive Train Tools,1,19,4,15,5,2017-05-10 21:06:00,33.3
Wheel Tools,1,29,4,25,7,2021-08-17 20:52:00,28.0
Bike Repair Stands,1,3,0,3,1,2016-11-02 18:57:00,33.3
Propane & Gas Powered Tools,12,6,1,5,2,2018-09-30 16:38:00,40.0
Propane Torch Kit,1,6,1,5,2,2018-09-30 16:38:00,40.0
Meters & Diagnostics,22,33,10,23,10,2021-10-23 12:03:00,43.5
Multimeters,1,15,4,11,9,2021-10-23 12:03:00,81.8
Power Meters,4,2,1,1,1,2021-01-09 12:12:00,100.0
Non-logging Power Meters,1,1,0,1,1,2021-01-09 12:12:00,100.0
Distance Meters,1,1,0,1,2,2022-04-09 09:17:00,200.0
Detectors,1,1,0,1,0,,0.0
Tachometers,1,1,0,1,0,,0.0
Wheelbarrows & Wagons,3,3,0,3,2,2020-03-08 17:35:00,66.7
Wheelbarrow,1,3,0,3,2,2020-03-08 17:35:00,66.7
Safety Equipment,11,56,12,44,9,2017-05-17 19:12:00,20.5
Work Gloves,1,20,7,13,9,2017-05-17 19:12:00,69.2
Protective Goggles,1,10,1,9,3,2018-05-19 12:12:00,33.3
Respirators,1,3,0,3,1,2016-12-31 11:47:00,33.3
Safety Glasses,1,10,0,10,2,2019-05-11 10:40:00,20.0
Hearing Protection,3,3,0,3,2,2021-06-19 09:58:00,66.7
Ear Muffs,1,3,0,3,2,2021-06-19 09:58:00,66.7
Automotive Tools,10,71,12,59,24,2022-04-11 08:16:00,40.7
Jack Stands,1,12,2,10,12,2022-03-19 11:46:00,120.0
Automotive Jacks,1,9,3,6,7,2022-04-09 12:07:00,116.7
Garage Jacks,1,1,0,1,2,2022-03-05 11:17:00,200.0
Automotive Ramps,1,2,0,2,2,2020-03-08 18:16:00,100.0
Automotive Pressure Gauges,1,3,0,3,1,2018-11-03 11:44:00,33.3
Fencing Tools,8,7,0,7,3,2017-05-31 20:22:00,42.9
Post Hole Digger,1,7,0,7,3,2017-05-31 20:22:00,42.9
Garden Tools,14,66,10,56,6,2017-06-24 09:46:00,10.7
Weeders,3,12,1,11,3,2017-06-24 09:46:00,27.3
Hoes,1,19,4,15,5,2022-04-12 20:27:00,33.3
Seeders,4,3,0,3,1,2022-03-26 11:30:00,33.3
Hand Seeders,1,3,0,3,1,2022-03-26 11:30:00,33.3
Hand Tillers,1,1,0,1,1,2017-03-25 10:45:00,100.0
Planting Templates,2,1,0,1,1,2019-03-03 18:27:00,100.0
Garden Hoses,1,26,5,21,3,2022-02-22 18:30:00,14.3
Farm Tools,5,1,0,1,0,,0.0
Tractor Accessories,12,2,0,2,1,2016-07-13 18:53:00,50.0
Manure Spreaders,1,2,0,2,1,2016-07-13 18:53:00,50.0
Tree & Orchard Care Tools,12,35,17,18,5,2018-06-03 16:06:00,27.8
Chainsaws,7,5,3,2,3,2021-01-30 11:56:00,150.0
Pruning Saw,1,1,0,1,1,2017-12-30 10:59:00,100.0
Pruning Shears,1,29,14,15,4,2019-06-09 18:24:00,26.7
Orchard Sprayers,3,1,0,1,0,,0.0
Hand Pump Orchard Sprayers,1,1,0,1,0,,0.0
Welding,9,2,1,1,2,2018-11-14 19:25:00,200.0
Welders,1,2,1,1,2,2018-11-14 19:25:00,200.0
Welding Safety Equipment,10,4,1,3,2,2018-07-22 17:56:00,66.7
Welding Gloves,1,1,0,1,1,2022-01-16 18:36:00,100.0
Welding Helmets,1,3,1,2,2,2018-07-22 17:56:00,100.0
MIG Welding,5,1,0,1,1,2021-04-27 20:47:00,100.0
MIG Welders,1,1,0,1,1,2021-04-27 20:47:00,100.0
"Chains, Ropes, and Straps",5,41,24,17,4,2021-12-08 18:44:00,23.5
Chains,1,2,0,2,1,2019-12-21 11:50:00,50.0
Bungee Cords,1,14,0,14,4,2021-12-08 18:44:00,28.6
Ropes,1,25,24,1,1,2017-12-13 18:12:00,100.0
Flooring Tools,4,19,4,15,7,2022-04-16 01:12:00,46.7
Carpet Tools,4,9,2,7,3,2022-04-12 18:18:00,42.9
Carpet Roller,1,2,0,2,1,2018-04-28 10:38:00,50.0
Tile Cutters,3,9,0,9,3,2022-03-13 18:19:00,33.3
Hand Tile Cutter,1,5,0,5,2,2017-08-12 11:15:00,40.0
Tile Nipper,1,1,0,1,1,2017-09-13 17:12:00,100.0
Laminate Flooring Cutters,1,1,0,1,2,2022-01-04 18:28:00,200.0
Kitchen & Dining,30,97,22,75,12,2019-07-13 11:16:00,16.0
"Canning, Preserving & Homebrew",1,13,5,8,3,2019-07-13 11:16:00,37.5
Appliances,1,9,5,4,2,2017-09-30 11:50:00,50.0
Cook's Tools,1,10,3,7,3,2020-08-29 12:01:00,42.9
Other Kitchen & Serving,1,11,3,8,2,2017-09-13 16:12:00,25.0
Food Service Displays,1,1,0,1,1,2018-11-20 18:51:00,100.0
Glassware & Drinkware,6,14,0,14,4,2019-07-10 19:17:00,28.6
Glassware,1,1,0,1,1,2018-02-17 12:04:00,100.0
Mugs,3,1,0,1,0,,0.0
Ceramic Mugs,1,1,0,1,0,,0.0
Food Storage,1,10,2,8,4,2019-07-10 19:17:00,50.0
Kitchen Gadgets,1,4,0,4,1,2020-11-14 11:01:00,25.0
Plates & Bowls,3,2,0,2,0,,0.0
Small Appliances,7,32,6,26,5,2017-09-13 16:05:00,19.2
Grain Mills,1,2,0,2,0,,0.0
Ice Cream Makers,1,5,0,5,2,2017-08-02 21:07:00,40.0
Bread Makers,1,1,0,1,1,2019-01-20 18:24:00,100.0
Instant Pots,1,1,0,1,1,2022-02-23 18:28:00,100.0
Slow Cookers,1,5,3,2,2,2018-03-28 17:47:00,100.0
Pots & Pans,1,1,0,1,0,,0.0
Induction Cooking,3,5,0,5,1,2018-06-10 20:36:00,20.0
Induction Cooktops,1,5,0,5,1,2018-06-10 20:36:00,20.0
Books & Media,15,8,2,6,2,2018-11-21 20:46:00,33.3
Books,9,3,0,3,2,2018-11-21 20:46:00,66.7
Magazines,1,1,0,1,0,,0.0
DVD,1,2,0,2,0,,0.0
CD-ROM,1,1,1,0,0,,
Props,1,1,1,0,0,,
Electronics,34,22,9,13,2,2022-02-08 21:01:00,15.4
Lights,2,12,3,9,4,2019-10-14 19:16:00,44.4
Work Lights,4,22,4,18,7,2022-03-29 20:40:00,38.9
Clamp Lights,1,2,0,2,1,2017-04-01 11:39:00,50.0
Hanging Lights,1,11,2,9,4,2022-03-29 20:40:00,44.4
Network Equipment,5,2,0,2,0,,0.0
Network Switches,1,1,0,1,0,,0.0
Network Accessories,2,3,0,3,0,,0.0
Network Cables,1,3,0,3,0,,0.0
Video Gaming,4,2,1,1,0,,0.0
Controllers,1,1,0,1,0,,0.0
Video Game Accessories,1,1,1,0,0,,
Computers,15,17,1,16,2,2017-12-06 15:57:00,12.5
Laptop Computers,4,9,1,8,4,2021-06-12 10:20:00,50.0
Windows Laptops,1,6,1,5,4,2021-06-12 10:20:00,80.0
Computer Accessories,5,2,0,2,1,2021-10-05 19:40:00,50.0
Keyboards & Mice,6,2,0,2,1,2021-10-05 19:40:00,50.0
Monitors and Displays,1,6,1,5,2,2017-12-06 15:57:00,40.0
Computer Power Adapters,1,6,0,6,1,2021-07-24 09:37:00,16.7
Computer Cables,9,9,3,6,2,2021-10-05 19:40:00,33.3
USB-A Cables,1,7,3,4,2,2021-10-05 19:40:00,50.0
USB-C Cables,1,1,0,1,0,,0.0
Printers & Scanners,6,6,0,6,2,2022-02-05 12:09:00,33.3
3D Printers,1,3,0,3,2,2022-02-05 12:09:00,66.7
Label Makers,1,1,0,1,0,,0.0
Laser Printers,4,1,0,1,0,,0.0
Black & White Laser Printers,1,1,0,1,0,,0.0
Inkjet Printers,3,2,1,1,1,2018-10-13 10:13:00,100.0
Multifunction Inkjet Printers,1,1,1,0,0,,
Video & Photography,22,16,4,12,3,2017-10-22 17:22:00,25.0
Projectors,6,2,1,1,2,2017-07-29 11:26:00,200.0
TVs,1,2,2,0,0,,
Video Adapters,1,3,0,3,0,,0.0
Camera Equipment,3,1,0,1,0,,0.0
Camera Lighting Equipment,1,1,0,1,0,,0.0
Projector Screens,1,2,0,2,1,2016-09-04 18:55:00,50.0
Camera Tripods,1,4,0,4,1,2017-09-06 17:35:00,25.0
Video Switchers,1,1,1,0,0,,
Video Players & Recorders,4,2,0,2,0,,0.0
Blu-ray Players,1,1,0,1,0,,0.0
Sensors,5,1,1,0,0,,
Communications Devices,8,2,0,2,1,2021-05-04 18:13:00,50.0
Telephones,4,2,0,2,1,2021-05-04 18:13:00,50.0
Smartphones,3,2,0,2,0,,0.0
iPhones,1,2,0,2,0,,0.0
Other Electronic Devices,1,1,1,0,0,,
Barcode & RFID Scanners,3,2,0,2,0,,0.0
Barcode Scanners,1,2,0,2,0,,0.0
Data Storage Devices,6,5,0,5,1,2021-02-06 09:38:00,20.0
USB Flash Drives & Memory Cards,1,5,0,5,1,2021-02-06 09:38:00,20.0
VR Gear,1,2,0,2,1,2021-04-03 09:19:00,50.0
Power,5,14,3,11,2,2022-02-08 21:01:00,18.2
Power Adapters,3,7,3,4,1,2022-01-15 15:23:00,25.0
AC Adapters,1,4,0,4,1,2022-01-15 15:23:00,25.0
Power Strips & Surge Protectors,3,13,1,12,6,2020-03-09 19:18:00,50.0
Power Strips,1,12,1,11,5,2020-03-09 19:18:00,45.5
Surge Protectors,1,1,0,1,1,2020-03-09 19:18:00,100.0
Power Plug & Socket Adapters,1,7,0,7,1,2018-05-20 16:27:00,14.3
Audio,21,9,1,8,3,2021-09-29 19:37:00,37.5
Microphones,7,2,0,2,2,2021-09-29 19:37:00,100.0
Speakers & Amplifiers,3,1,0,1,0,,0.0
Audio Accessories,4,1,0,1,0,,0.0
Audio Cables,9,1,0,1,0,,0.0
Audio Recording Gear,4,1,1,0,1,2019-05-15 20:21:00,inf
Audio Mixers,4,1,0,1,1,2019-08-31 11:39:00,100.0
Public Address Systems,1,3,0,3,0,,0.0
Microphone Stands,1,1,0,1,0,,0.0
Sports & Outdoors,36,59,16,43,9,2022-03-13 16:14:00,20.9
Snowboards,1,1,0,1,0,,0.0
Goggles,1,3,0,3,1,2021-06-12 10:03:00,33.3
Boats & Rafts,1,1,0,1,0,,0.0
Skates,1,1,0,1,0,,0.0
Camping & Hiking,17,23,9,14,11,2022-04-13 18:53:00,78.6
Tents,3,5,1,4,4,2022-04-13 18:53:00,100.0
Hiking Backpacks,3,3,1,2,3,2022-03-15 19:36:00,150.0
Camp Stoves,5,3,2,1,2,2022-03-15 19:36:00,200.0
Two Burner Camp Stoves,1,1,0,1,2,2022-03-15 19:36:00,200.0
Liquid Fuel Stoves,1,1,1,0,1,2021-05-29 10:03:00,inf
Water Bottles,1,1,0,1,1,2017-09-06 17:35:00,100.0
Sleeping Bags,2,1,0,1,1,2017-06-21 20:04:00,100.0
Sleeping Pads,3,6,3,3,5,2018-08-21 16:29:00,166.7
Foam Sleeping Pads,1,1,0,1,1,2018-06-08 13:28:00,100.0
Air Mattress Sleeping Pads,1,2,2,0,1,2017-07-19 19:57:00,inf
Camping Tarps,1,3,3,0,2,2018-04-21 09:53:00,inf
Camping & Hiking Storage,2,1,0,1,0,,0.0
Camping Furniture,4,6,0,6,3,2020-08-22 12:06:00,50.0
Camping Chairs,1,6,0,6,3,2020-08-22 12:06:00,50.0
Telescopes & Binoculars,4,6,3,3,2,2016-09-18 18:39:00,66.7
Telescopes,7,4,3,1,2,2016-09-18 18:39:00,200.0
Sports & Outdoor Accessories,4,9,1,8,2,2017-10-29 18:10:00,25.0
Headlamps,1,3,0,3,2,2017-10-29 18:10:00,66.7
Winter Sports,8,3,1,2,2,2021-02-13 10:33:00,100.0
Climbing & Mountaineering,10,7,4,3,2,2018-06-20 20:38:00,66.7
Climbing Harnesses,1,1,0,1,0,,0.0
Outdoors Safety,9,3,0,3,0,,0.0
Water Safety,4,3,1,2,1,2020-09-05 12:11:00,50.0
Personal Flotation Devices,4,3,1,2,1,2020-09-05 12:11:00,50.0
Bicycle Accessories,7,6,0,6,1,2017-04-19 20:13:00,16.7
Bicycle Trailers,1,1,0,1,1,2019-06-26 21:50:00,100.0
Rafts,1,8,0,8,4,2020-02-22 13:09:00,50.0
Water Sports,8,4,0,4,1,2019-09-01 18:00:00,25.0
Kayaking Gear,4,1,0,1,0,,0.0
Wetsuits,1,3,0,3,1,2019-09-01 18:00:00,33.3
Outdoor Recreation,7,1,0,1,1,2017-08-05 10:05:00,100.0
BBQ Grills,1,1,0,1,1,2017-08-05 10:05:00,100.0
Marine & Fishing,8,16,9,7,5,2022-03-13 16:14:00,71.4
Traps & Pots,3,2,1,1,1,2019-05-08 20:52:00,100.0
Music,13,3,2,1,0,,0.0
Guitars,11,2,2,0,0,,
Musical Instrument Accessories,10,1,0,1,0,,0.0
Vehicles & Trailers,16,6,3,3,3,2019-01-12 09:47:00,100.0
Cars,2,1,1,0,0,,
Hitches & Towing Accessories,3,18,2,16,7,2020-08-08 11:58:00,43.8
Ratchet Straps,1,16,2,14,7,2020-08-08 11:58:00,50.0
Earthmoving Equipment,5,2,1,1,2,2019-01-12 09:47:00,200.0
Clothing,21,3,2,1,1,2018-05-16 20:09:00,100.0
Footwear,7,1,0,1,0,,0.0
Boots,2,1,0,1,0,,0.0
Jewelry & Accessories,8,1,0,1,1,2018-05-16 20:09:00,100.0
Personal Protective Equipment,5,1,1,0,0,,
Personal Protective Head Gear,3,2,0,2,0,,0.0
Helmets,1,1,0,1,0,,0.0
Hard Hats,1,1,0,1,0,,0.0
Eye Protection,1,1,1,0,0,,
Headwear,4,1,0,1,1,2021-12-10 20:33:00,100.0
Hats,3,1,0,1,1,2021-12-10 20:33:00,100.0
Bags,6,1,1,0,0,,
Handbags,3,2,1,1,0,,0.0
Totes,1,1,0,1,0,,0.0
Toys & Games,8,9,4,5,2,2019-07-10 20:55:00,40.0
Games,6,23,7,16,3,2017-06-10 11:45:00,18.8
Board Games,1,19,4,15,2,2017-09-15 22:08:00,13.3
Other Games,1,2,2,0,2,2017-06-10 11:45:00,inf
Toys,1,2,0,2,0,,0.0
Activities,1,1,1,0,0,,
Furniture & Spaces,20,30,8,22,8,2022-04-13 18:53:00,36.4
Offices,1,2,0,2,1,2018-01-06 09:53:00,50.0
Gardens,1,2,2,0,1,2018-06-24 19:03:00,inf
Furniture,8,21,9,12,3,2017-03-15 20:02:00,25.0
Chairs,3,43,1,42,42,2018-11-17 10:12:00,100.0
Folding Chairs,1,42,0,42,42,2018-11-17 10:12:00,100.0
Tables,2,16,5,11,5,2017-05-10 19:52:00,45.5
Folding Tables,1,11,0,11,5,2018-06-02 10:17:00,45.5
Storage Furniture,1,1,0,1,2,2022-03-27 16:59:00,200.0
Miscellaneous Furniture,1,14,3,11,3,2017-08-13 16:54:00,27.3
Keys,1,1,0,1,0,,0.0
Storage & Organization,7,26,6,20,6,2022-04-13 18:53:00,30.0
Storage Bins,2,6,2,4,2,2021-03-23 20:06:00,50.0
Waste & Trash Baskets,1,1,1,0,1,2021-01-23 09:21:00,inf
Laundry Organization,6,5,2,3,2,2019-09-22 17:22:00,66.7
Ironing Boards,1,1,1,0,0,,
Steam Irons,1,4,1,3,2,2019-09-22 17:22:00,66.7
Moving Supplies,6,7,0,7,4,2018-03-17 10:49:00,57.1
Moving Blankets,1,5,0,5,4,2018-03-17 10:49:00,80.0
Moving Carts,1,1,0,1,1,2017-09-16 11:45:00,100.0
Cleaning,2,2,0,2,2,2022-04-12 19:08:00,100.0
Brooms & Mops,5,11,2,9,2,2019-02-16 10:50:00,22.2
Push Brooms,1,7,2,5,2,2019-02-16 10:50:00,40.0
House Broom,1,1,0,1,1,2016-10-29 10:33:00,100.0
Brooms,1,3,0,3,1,2020-09-26 11:08:00,33.3
Bedding,5,1,0,1,0,,0.0
Pillows,1,1,0,1,0,,0.0
Pets,4,3,1,2,1,2017-03-13 21:22:00,50.0
Pet Carriers,1,3,1,2,1,2017-03-13 21:22:00,50.0
Medical Equipment,21,2,0,2,1,2019-12-21 11:50:00,50.0
Medical Diagnostics,5,3,1,2,1,2020-10-05 17:58:00,50.0
Thermometers,1,3,1,2,1,2020-10-05 17:58:00,50.0
Walking Aids,6,6,0,6,3,2021-08-21 11:11:00,50.0
Walkers,1,1,0,1,0,,0.0
Knee Wheelers & Scooters,1,3,0,3,3,2021-08-21 11:11:00,100.0
Rollators & Rolling Walkers,1,1,0,1,0,,0.0
Canes,1,1,0,1,0,,0.0
Bathroom Safety,5,2,0,2,0,,0.0
Shower Chairs & Benches,1,1,0,1,0,,0.0
Bathroom Grab Bars,1,1,0,1,0,,0.0
Medical Braces,8,2,1,1,0,,0.0
Knee Braces,1,1,0,1,0,,0.0
Walking Boots & Braces,1,1,1,0,0,,
Medical Trauma Kit,3,1,0,1,1,2019-12-21 11:50:00,100.0
Art,8,50,14,36,3,2017-09-16 12:15:00,8.3
Fiber Arts,1,20,6,14,3,2017-09-16 12:15:00,21.4
Ceramic & Glass Arts,1,15,5,10,1,2017-11-15 17:56:00,10.0
Wood & Metal Arts,1,1,1,0,0,,
Materials,9,7,1,6,2,2017-12-06 19:53:00,33.3
Wood,1,1,1,0,1,2016-07-09 11:56:00,inf
Science & Engineering,5,2,0,2,1,2021-08-11 19:12:00,50.0
Research Equipment,1,1,0,1,0,,0.0
Lab Instruments & Equipment,7,2,0,2,1,2021-02-27 11:30:00,50.0
Microscopes,1,2,0,2,1,2021-02-27 11:30:00,50.0
General Measurement,1,1,0,1,1,2021-08-11 19:12:00,100.0
Hobbies & Crafts,10,74,33,41,12,2022-04-12 20:39:00,29.3
Sewing Machines,1,10,2,8,6,2020-02-08 11:06:00,75.0
Hobby & Craft Kits,1,3,0,3,4,2022-04-06 18:15:00,133.3
Scissors,1,19,7,12,4,2021-12-05 16:22:00,33.3
Party & Events,9,1,0,1,0,,0.0
Beverage Service Equipment,8,1,0,1,0,,0.0
